time,value
0,40.32
200,72.06499999999998
400,35.05000000000001
600,29.955000000000044
800,31.235000000000014
1000,30.570000000000032
1200,31.20500000000003
1400,32.095000000000034
1600,32.025000000000034
1800,32.01000000000003
2000,31.995000000000037
2200,31.985000000000035
2400,31.97500000000003
2600,32.05000000000004
2800,31.990000000000034
