time,value
0,30.835000000000036
200,38.66000000000004
400,38.72000000000004
600,38.69000000000004
800,38.595000000000034
1000,38.685000000000024
1200,38.61500000000004
1400,38.74500000000004
1600,38.695000000000036
1800,38.595000000000034
2000,38.70000000000003
2200,38.595000000000034
2400,38.720000000000034
2600,38.720000000000034
2800,38.40500000000004
3000,59.559999999999974
3200,67.68512667285701
3400,66.39512667285702
3600,60.104999999999954
3800,57.944999999999965
