time,value
0,27.185000000000027
200,32.03000000000003
400,31.960000000000033
600,32.04000000000004
800,32.03000000000004
1000,31.955000000000037
1200,32.00500000000003
1400,34.68500000000001
1600,40.74024820063471
1800,34.36999999999996
2000,34.069999999999936
2200,33.96512409876975
2400,32.485000000000035
2600,32.03000000000003
2800,31.955000000000034
